一幻拉麵台北信義店,信義,象山,https://goo.gl/maps/RaWWbmkDGYexvdUv7
一番星拉麵,內湖,西湖,https://goo.gl/maps/tozxbooBzGf1Mar87
一蘭拉麵-台灣台北本店,信義,象山,https://g.page/ichiran-tw?share
小川拉麺専門店 台灣分店,大安,科技大樓,https://goo.gl/maps/QBymPGpHALMwH3L38
山嵐拉麵-台灣總店,大安,古亭,https://goo.gl/maps/6kRNPiSw77rg5bcN8
五之神製作所 台灣,信義,市政府,https://goo.gl/maps/6hLD5pXrGcZXvcbBA
太陽蕃茄拉麵-站前本店,中正,台北車站,https://goo.gl/maps/RTu9z8FYT5QpgfBo9
屯京拉麵-忠孝敦化代表店,大安,忠孝敦化,https://goo.gl/maps/qqmW15oQ1TLfZwxq6
北一家拉麵,內湖,港墘,https://goo.gl/maps/rfySUCqnvVYBDBsn6
吉天元拉麵店,萬華,西門,https://goo.gl/maps/RjE91a5ax6FzA4Hj9
吉鴙ラーメン,大安,大安,https://goo.gl/maps/S7YPZxZBT6xcNjL19
京都柚子豚骨拉麵研究中心,中山,中山,https://g.page/YottekoyaTaipei?share
拉麵公子,中山,南京復興,https://goo.gl/maps/hEhW9uq6GDWigamq5
東京油組総本店 台北敦南組代表店,大安,忠孝敦化,https://goo.gl/maps/9gcJeNFRCUrqDTxV7
柑橘 Shinn,大安,信義安和,https://g.page/citrusshinnsoba?share
重熙老麵,中正,小南門,https://goo.gl/maps/3yXQWPrwsC8mzUHT9
真劍拉麵,大安,台電大樓,https://goo.gl/maps/CHvvUdUeeiGCkc5m8
豚人ラ－メン_敦化本店,大安,忠孝敦化,https://goo.gl/maps/94t2e13cUnupUGhj6
鳥人拉麵-台灣總店TOTTO Ramen,大安,忠孝復興,https://goo.gl/maps/RmLeheNMdAFKywHG9
創作拉麵 悠然,中山,中山國小,https://goo.gl/maps/UAhJnr17UmmqzJVU9
勝王,中山,雙連,https://g.page/ramenkatsuo?share
博多幸龍総本店,松山,南京復興,https://g.page/hakatakoryu?share
道樂屋台,士林,劍潭,https://goo.gl/maps/AHMM2REtmJuR1pT46
辣麻味噌沾麵 鬼金棒,中山,台北車站,https://goo.gl/maps/FVECFjEGGeRjUmf16
鳳華拉麵 （らぁ麺 鳳華）,內湖,西湖,https://goo.gl/maps/xQyWeC3e14KS474J8
墨洋拉麵,中正,公館,https://goo.gl/maps/855M8LDcDcT5noYY6
橫濱家系拉麵 特濃屋,中山,雙連,https://goo.gl/maps/XqYNezPsFEbganR78
橫濱家系ラーメン大和家,大安,忠孝復興,https://goo.gl/maps/yDsgcCQFTCKAhnhN8
隱家拉麵-士林代表店,士林,士林,https://goo.gl/maps/rz5GYz7fLafMjZdB8
雞二拉麵-本店,大安,信義安和,https://g.page/g2ramen?share
雞吉君拉麵とりよしくんラーメン雞白湯專門店,內湖,西湖,https://goo.gl/maps/PYQgX8P8mafo6Q9cA
麵屋 千雲 -Chikumo-,中山,中山,https://g.page/menya-chikumo?share
麵屋 緣enishi 京都餘香台北分店,大安,信義安和,https://goo.gl/maps/XjVeLSQCADfaknsSA
麵屋一番-社子代表店,士林,士林,https://goo.gl/maps/13bSQakfF4Bkxw1t6
麵屋一燈ITTO,中山,中山,https://g.page/menyaittotw?share
麵屋昕家,內湖,東湖,https://goo.gl/maps/FziSH5VoPmhJVx529
麵屋武藏-神山,中山,中山,https://goo.gl/maps/PRcFiWE859mC2MxW7
麵屋武藏本店,中正,台北車站,https://goo.gl/maps/up373Myx2MNVZUwX7
麵屋秋匠,大安,忠孝敦化,https://g.page/MenyaAkisyou?share
麵屋壹慶,中山,中山國小,https://goo.gl/maps/PQiPhG5EFgeRvdiC9
麵屋壹の穴 ICHI,大安,國父紀念館,https://goo.gl/maps/UoMzoq7YPeWMMo4F8
麵屋壹の穴ichi-沾麵專門店,大安,科技大樓,https://goo.gl/maps/4fdp94W7D7RapRR19
鷹流【台湾本店】,大安,忠孝敦化,https://goo.gl/maps/k83ga91rC4STCr6i8
鷹流東京涼麺・油そば本舗【涼風庵Ryofuh-An】,信義,市政府,https://goo.gl/maps/a2c1wvhR2yz7ncAS6
鷹流東京豚骨拉麺【極匠gokujoh】公館店,中正,公館,https://goo.gl/maps/DVy7A5VsF5rbWXBd7
鷹流東京蝦拉麺【小桜koharu】,松山,台北小巨蛋,https://goo.gl/maps/14QcrKFqDqZAW2v86
鷹流東京醤油拉麺【蘭丸ranmaru】延吉街代表店,松山,台北小巨蛋,https://goo.gl/maps/mZ7mDDZkRjdqJS8H9
Okaeriお帰り吃碗拉麵吧,大安,忠孝敦化,https://goo.gl/maps/5iRjz8WqivaA9kUY8
ラーメン凪 Ramen Nagi-大直總店,中山,劍南路,https://goo.gl/maps/nrixoDkSeTRRUgDX9